"Post ID",Title,URLs,Categories
,"3 Amazing Destination Ideas for your Next Spring RV Trip",https://carefree.journey-press.com/3-amazing-destination-ideas-for-your-next-spring-rv-trip/,
,"3 Amazing RV Destinations to Explore This Fall",https://carefree.journey-press.com/3-amazing-rv-destinations-to-explore-this-fall/,
,"3 California Locations That Are Perfect For Springtime RVing",https://carefree.journey-press.com/3-california-locations-that-are-perfect-for-springtime-rving/,
,"5 RV Awning Accessories That Will Enhance Your Travel Experience",https://carefree.journey-press.com/5-rv-awning-accessories-that-will-enhance-your-travel-experience/,
,"5 Signs It&#8217;s Time to Look Into RV Awning Replacement Fabric",https://carefree.journey-press.com/5-signs-it-s-time-to-look-into-rv-awning-replacement-fabric/,
,"5 Tips for RVing During the Holiday Season",https://carefree.journey-press.com/5-tips-for-rving-during-the-holiday-season/,
,"5 Tips for RVing During the Pandemic",https://carefree.journey-press.com/5-tips-for-rving-during-the-pandemic/,
,"5 Tips When You&#8217;re Looking for RV Awning Replacement Fabric",https://carefree.journey-press.com/5-tips-when-you-re-looking-for-rv-awning-replacement-fabric/,
,"5 Ways to Enhance Your RV Travels in 2020",https://carefree.journey-press.com/5-ways-to-enhance-your-rv-travels-in-2020/,
,"About Us",https://carefree.journey-press.com/about-us/,
,"About Us Contact",https://carefree.journey-press.com/about-us/about-us-contact/,
,"About Us Home",https://carefree.journey-press.com/about-us/about-us-home/,
,"About Us Industry",https://carefree.journey-press.com/about-us/about-us-industry/,
,"About Us International",https://carefree.journey-press.com/about-us/about-us-international/,
,"About Us Overview",https://carefree.journey-press.com/about-us/about-us-overview/,
,"About Us Strategic Acquisitions",https://carefree.journey-press.com/about-us/about-us-strategic-acquisitions/,
,"About Us Vendor Info",https://carefree.journey-press.com/about-us/about-us-vendor-info/,
,Accessories,https://carefree.journey-press.com/rv-products/rv-accessories/,
,Alpine,https://carefree.journey-press.com/alpine/,
,Altitude,https://carefree.journey-press.com/products/altitude/,
,"Anti Flap Kit",https://carefree.journey-press.com/products/anti-flap-kit/,
,Apex,https://carefree.journey-press.com/products/apex/,
,Ascent,https://carefree.journey-press.com/products/ascent/,
,"Awning Extendr",https://carefree.journey-press.com/products/awning-extendr/,
,"Awning Hangers",https://carefree.journey-press.com/products/awning-hangers/,
,"Awning Mats",https://carefree.journey-press.com/products/awning-mats/,
,"Awning Stabilizr",https://carefree.journey-press.com/products/awning-stabilizr/,
,Blog,https://carefree.journey-press.com/blog/,
,"Bringing Carefree Mojo to the Music Festival Camping Scene",https://carefree.journey-press.com/bringing-carefree-mojo-to-the-music-festival-camping-scene/,
,"Buena Vista Plus",https://carefree.journey-press.com/products/buena-vista-plus/,
,"California Proposition 65",https://carefree.journey-press.com/california-prop-65/,
,"Camper Lift",https://carefree.journey-press.com/products/camper-lift/,
,Campout,https://carefree.journey-press.com/products/campout/,
,Canceling,https://carefree.journey-press.com/services/customer-care/canceling/,
,"Canopy Clamps",https://carefree.journey-press.com/products/canopy-clamps/,
,"Canopy Replacement",https://carefree.journey-press.com/rv-products/canopy-replacement/,
,"Carefree Connects",https://carefree.journey-press.com/rv-products/carefree-connects/,
,"Carefree RV Products",https://carefree.journey-press.com/rv-products/,
,"Caring for RV Awnings: Protecting Your Awning Through the Elements",https://carefree.journey-press.com/caring-for-rv-awnings-protecting-your-awning-through-the-elements/,
,Catalog,https://carefree.journey-press.com/catalog/,
,"Celebrities Who Love The RV Lifestyle Just As Much As You Do!",https://carefree.journey-press.com/celebrities-who-love-the-rv-lifestyle-just-as-much-as-you-do/,
,Compass,https://carefree.journey-press.com/products/compass/,
,"Contact Consumer Care",https://carefree.journey-press.com/services/customer-care/contact/,
,"Contact Us",https://carefree.journey-press.com/contact-us/,
,"Customer Care",https://carefree.journey-press.com/services/customer-care/,
,Delivery,https://carefree.journey-press.com/services/customer-care/delivery/,
,"Discontinued Products",https://carefree.journey-press.com/services/discontinued-products/,
,"Does Your RV Awning Need To Be Replaced?",https://carefree.journey-press.com/does-your-rv-awning-need-to-be-replaced/,
,Eclipse,https://carefree.journey-press.com/products/eclipse/,
,"Eclipse XL",https://carefree.journey-press.com/products/eclipse-xl/,
,"EZ Zipblocker",https://carefree.journey-press.com/products/ez-zipblocker/,
,"Fabric and Hardware Colors",https://carefree.journey-press.com/rv-products/fabric-hardware-colors/,
,FAQs,https://carefree.journey-press.com/services/support-services-faqs-rv/,
,Fiesta,https://carefree.journey-press.com/products/fiesta/,
,"Folding Camping Trailer",https://carefree.journey-press.com/rv-products/rv-folding-camping-trailer/,
,"Freedom Roof Mount",https://carefree.journey-press.com/products/freedom-roof-mount/,
,"Freedom Wall Mount",https://carefree.journey-press.com/products/freedom-wall-mount/,
,Freestyle,https://carefree.journey-press.com/products/freestyle/,
,"Freestyle Evolution",https://carefree.journey-press.com/products/freestyle-evolution/,
,"Frequently Asked Questions About RV Awnings",https://carefree.journey-press.com/frequently-asked-questions-about-rv-awnings/,
,"Getting to Know Carefree&#8217;s Customers Blog Series: James Callahan of Rune Wines",https://carefree.journey-press.com/getting-to-know-carefree-s-customers-blog-series-james-callahan-of-rune-wines/,
,"Glamping &#8211; Why Rough it When You Don&#8217;t Have To?",https://carefree.journey-press.com/glamping-why-rough-it-when-you-don-t-have-to/,
,"Ground Blanket",https://carefree.journey-press.com/products/ground-blanket/,
,"HD Awning Stabilizr",https://carefree.journey-press.com/products/hd-awning-stabilizr/,
,Home,https://carefree.journey-press.com/,
,"Home Awning Limited Warranty",https://carefree.journey-press.com/services/support-services-warranty-home/,
,"How to Keep Pesky Bugs Out of Your RV This Summer",https://carefree.journey-press.com/how-to-keep-pesky-bugs-out-of-your-rv-this-summer/,
,"How to Keep Your Dog Safe in the Heat While Rving",https://carefree.journey-press.com/how-to-keep-your-dog-safe-in-the-heat-while-rving/,
,"How to Maximize Patio Space with a Cargo Trailer Awning",https://carefree.journey-press.com/how-to-maximize-patio-space-with-a-cargo-trailer-awning/,
,"How to Turn Your New RV Into a Comfortable Living Space",https://carefree.journey-press.com/how-to-turn-your-new-rv-into-a-comfortable-living-space/,
,Latitude,https://carefree.journey-press.com/products/latitude/,
,"LED Lights",https://carefree.journey-press.com/products/led-lights/,
,Longitude,https://carefree.journey-press.com/products/longitude/,
,"Looking to Buy Your First RV? These Tips Will Help You Out",https://carefree.journey-press.com/looking-to-buy-your-first-rv-these-tips-will-help-you-out/,
,"Marquee OTD",https://carefree.journey-press.com/products/marquee-otd/,
,Mirage,https://carefree.journey-press.com/products/mirage/,
,"Motor Home",https://carefree.journey-press.com/rv-products/rv-motor-home/,
,Ordering,https://carefree.journey-press.com/services/customer-care/ordering/,
,"Over the door",https://carefree.journey-press.com/products/over-the-door/,
,Paramount,https://carefree.journey-press.com/products/paramount/,
,"Part Detail &#8211; 16890",https://carefree.journey-press.com/catalog/part-detail-16890/,
,"Part Detail &#8211; 16905",https://carefree.journey-press.com/catalog/part-detail-16905/,
,"Part Detail &#8211; 16910",https://carefree.journey-press.com/catalog/part-detail-16910/,
,"Part Detail &#8211; 19031",https://carefree.journey-press.com/catalog/part-detail-19031/,
,"Part Detail &#8211; 19032",https://carefree.journey-press.com/catalog/part-detail-19032/,
,"Part Detail &#8211; 19068",https://carefree.journey-press.com/catalog/part-detail-19068/,
,"Part Detail &#8211; 19088",https://carefree.journey-press.com/catalog/part-detail-19088/,
,"Part Detail &#8211; 19089",https://carefree.journey-press.com/catalog/part-detail-19089/,
,"Part Detail &#8211; 19090",https://carefree.journey-press.com/catalog/part-detail-19090/,
,"Part Detail &#8211; 19119",https://carefree.journey-press.com/catalog/part-detail-19119/,
,"Part Detail &#8211; 19150",https://carefree.journey-press.com/catalog/part-detail-19150/,
,"Part Detail &#8211; 19151",https://carefree.journey-press.com/catalog/part-detail-19151/,
,"Part Detail &#8211; 19152",https://carefree.journey-press.com/catalog/part-detail-19152/,
,"Part Detail &#8211; 19153",https://carefree.journey-press.com/catalog/part-detail-19153/,
,Pioneer,https://carefree.journey-press.com/products/pioneer/,
,"Pioneer Upgrade Kit",https://carefree.journey-press.com/products/pioneer-upgrade-kit/,
,"Planning Your First Family RV Trek? These Tips Will Help It Go Smoothly",https://carefree.journey-press.com/planning-your-first-family-rv-trek-these-tips-will-help-it-go-smoothly/,
,"Pole Kit",https://carefree.journey-press.com/products/pole-kit/,
,"Power Sidevisor",https://carefree.journey-press.com/products/power-sidevisor/,
,"Power Smartvisor",https://carefree.journey-press.com/products/power-smartvisor/,
,"Premium Vinyl Fabrics",https://carefree.journey-press.com/rv-products/premium-vinyl-fabrics/,
,"Privacy Policy",https://carefree.journey-press.com/services/privacy-policy/,
,Products,https://carefree.journey-press.com/products/,
,"Rafter Supports",https://carefree.journey-press.com/products/rafter-supports/,
,"Replacement Parts",https://carefree.journey-press.com/rv-products/replacement-parts/,
,Returns,https://carefree.journey-press.com/services/customer-care/returns/,
,"Review: Carefree of Colorado Add-a-Room and Awning Mats",https://carefree.journey-press.com/review-carefree-of-colorado-add-a-room-and-awning-mats/,
,"RV Awning Care: It&#8217;s Never Been Easier",https://carefree.journey-press.com/rv-awning-care-it-s-never-been-easier/,
,"RV Awning Fabric &#8211; Which is the Best for You?",https://carefree.journey-press.com/rv-awning-fabric-which-is-the-best-for-you/,
,"RV Awning Fabric Protection",https://carefree.journey-press.com/rv-products/rv-awning-fabric-protection/,
,"RV Awnings",https://carefree.journey-press.com/rv-products/rv-awnings/,
,"RV Awnings and More: The New Carefree of Colorado",https://carefree.journey-press.com/rv-awnings-and-more-the-new-carefree-of-colorado/,
,"RVing for Beginners &#8211; Simplified",https://carefree.journey-press.com/rving-for-beginners-simplified/,
,"RVing South of the Border",https://carefree.journey-press.com/rving-south-of-the-border/,
,"RVing With Your Four-Legged Friends",https://carefree.journey-press.com/rving-with-your-four-legged-friends/,
,Services,https://carefree.journey-press.com/services/,
,"Sideout Kover III",https://carefree.journey-press.com/products/sideout-kover-iii/,
,"Simple Ways to Rev Up Your Earth-Friendly RV Habits",https://carefree.journey-press.com/simple-ways-to-rev-up-your-earth-friendly-rv-habits/,
,"Simply Shade",https://carefree.journey-press.com/simplyshade/,
,"SL Window Awning",https://carefree.journey-press.com/products/sl-window-awning/,
,"Slideout Cover",https://carefree.journey-press.com/products/slideout-cover/,
,Status,https://carefree.journey-press.com/services/customer-care/status/,
,"Summer RV Tips for Safe and Happy Travels!",https://carefree.journey-press.com/summer-rv-tips-for-safe-and-happy-travels/,
,"Sunblocker Sideblocker",https://carefree.journey-press.com/products/sunblocker-sideblocker/,
,Sunshades,https://carefree.journey-press.com/products/sunshade/,
,"Support & Service",https://carefree.journey-press.com/services/support-services-carefree-rv/,
,"The Best RV & Music Festival Camping Resource",https://carefree.journey-press.com/the-best-rv-amp-music-festival-camping-resource/,
,"Tie Downs",https://carefree.journey-press.com/products/tie-downs/,
,"Travel Trailer",https://carefree.journey-press.com/rv-products/rv-travel-trailer/,
,Travelr,https://carefree.journey-press.com/products/travelr/,
,"Truck Camper",https://carefree.journey-press.com/rv-products/rv-truck-camper/,
,"Truckin Awn",https://carefree.journey-press.com/products/truckin-awn/,
,Vacationr,https://carefree.journey-press.com/products/vacationr/,
,Videos,https://carefree.journey-press.com/rv-products/videos/,
,Warranty,https://carefree.journey-press.com/services/support-services-warranty-rv/,
,"Warranty Replacement Parts",https://carefree.journey-press.com/services/warranty-replacement-parts/,
,"What to Know Before Fall RVing",https://carefree.journey-press.com/what-to-know-before-fall-rving/,
,"Why Camp with KOA?",https://carefree.journey-press.com/why-camp-with-koa/,
,"Why It&#8217;s Important to Check on Your Stored RV This Winter",https://carefree.journey-press.com/why-it-s-important-to-check-on-your-stored-rv-this-winter/,
,"Window Cover",https://carefree.journey-press.com/products/window-cover/,
,"Wondering How to Stay Cool While RVing? These Beautiful Pacific Northwest Destinations Will Help You Beat the Heat",https://carefree.journey-press.com/wondering-how-to-stay-cool-while-rving-these-beautiful-pacific-northwest-destinations-will-help-you-beat-the-heat/,
